requirement_id,module_or_quality_factor,roles_or_basis,document_requirement_verbatim,assessment,system_behavior_and_gap,implementation_files,test_files,targeted_probe_results,verification_scope,next_step,baseline_document,baseline_sha256
FR-01,User Registration & Login,"Owner, Renter","The system shall allow individuals to register an account as an Owner and/or a Renter using their name, email address, and password.",Matches tested behavior,Registration tests: name/email/password create one member account with both capabilities. Gmail-only policy is an additional accepted requirement.,resources/views/livewire/pages/auth/register.blade.php; app/Support/AuthEmail.php,tests/Feature/Auth/RegistrationTest.php,,Fresh backend suite/code inspection.,No core registration gap reproduced. Add the agreed Gmail/password policy to a separate requirements addendum; mailbox uniqueness cannot prove one account per human.,C:\Users\Neil\Downloads\Revised_RequirementsDocument.docx,373783799e0839ac40e5ea7ecab27854e04dc749ba615bbeefe40e4a306c0921
FR-02,User Registration & Login,"Owner, Renter",The system shall verify a new account via an email confirmation link or code before granting full access.,Matches tested behavior,EmailVerificationTest and RoleAccessTest exercise signed verification and restricted unverified access. Live inbox/link delivery is not a fresh audit test.,routes/auth.php; app/Http/Controllers/Auth/VerifyEmailController.php; app/Models/User.php,tests/Feature/Auth/EmailVerificationTest.php; tests/Feature/RoleAccessTest.php,,Fresh backend suite/code inspection. Fresh mail tests use fake/array transport; prior SMTP acceptance is separate and does not prove inbox arrival.,Complete a real mailbox verification-link round trip before deployment.,C:\Users\Neil\Downloads\Revised_RequirementsDocument.docx,373783799e0839ac40e5ea7ecab27854e04dc749ba615bbeefe40e4a306c0921
FR-03,User Registration & Login,"Owner, Renter","The system shall allow registered users to securely log in and log out using valid credentials, and shall require them to select at each login whether to enter as an Owner or as a Renter, giving access only to the interface and modules of the selected role.",Does not match,"Login/logout work; per-login role choice and selected-role restriction are absent. the documented defect; browser login confirms combined dashboard. Part VII C.1 explicitly prohibits a merged view, while Figure 15 depicts one; the document must be reconciled by its owner.",resources/views/livewire/pages/auth/login.blade.php; app/Models/User.php; app/Http/Middleware/EnsureUserHasRole.php; app/Livewire/Member/Dashboard.php,tests/Feature/Auth/AuthenticationTest.php; tests/Feature/RoleAccessTest.php,,Fresh backend suite/code inspection. Prior same-working-tree browser evidence retained; no new browser run.,"Resolve Figure 15 versus FR-03 with the requirement owner. For the written FR-03 design, add per-login role selection and enforce the selected role in session, navigation, routes, and actions.",C:\Users\Neil\Downloads\Revised_RequirementsDocument.docx,373783799e0839ac40e5ea7ecab27854e04dc749ba615bbeefe40e4a306c0921
FR-04,User Registration & Login,"Owner, Renter",The system shall allow users to recover or reset a forgotten password through a verified email process.,Matches tested behavior,"PasswordResetTest exercises email code delivery through test transport, expiration, replacement, reset, invalid codes, and lockout.",app/Services/PasswordResetCodes.php; resources/views/livewire/pages/auth/reset-password.blade.php,tests/Feature/Auth/PasswordResetTest.php,,Fresh backend suite/code inspection. Fresh mail tests use fake/array transport; prior SMTP acceptance is separate and does not prove inbox arrival.,Complete a real mailbox reset-code round trip; keep the already tested expiry and lockout rules.,C:\Users\Neil\Downloads\Revised_RequirementsDocument.docx,373783799e0839ac40e5ea7ecab27854e04dc749ba615bbeefe40e4a306c0921
FR-05,Item Listing & Management,Owner,"The system shall allow owners to create an item listing with name, category, description, rental price, availability, condition, etc.",Matches tested behavior,"ListingTest, form validation, and the extra upload probe create listings with required descriptive/pricing/availability fields.",app/Livewire/Owner/Listings/Form.php,tests/Feature/ListingTest.php,,Fresh backend suite/code inspection.,Clarify Part VII B.2 available-date entry and immediate publishing versus the implemented availability flag and admin approval.,C:\Users\Neil\Downloads\Revised_RequirementsDocument.docx,373783799e0839ac40e5ea7ecab27854e04dc749ba615bbeefe40e4a306c0921
FR-06,Item Listing & Management,Owner,The system shall allow owners to upload one or more photos for each item listing.,Matches tested behavior,"Extra probe uploads two images, records both rows, and confirms both files exist in disposable storage.",app/Livewire/Owner/Listings/Form.php; app/Models/ListingImage.php,tests/Feature/ListingTest.php; docs/audit/RequirementsAuditTest.php,test_fr06_owner_can_upload_multiple_listing_photos (passed),Fresh backend suite/code inspection. Fresh targeted acceptance probe(s).,Verify public photo serving in the deployment; uploads and file persistence passed in disposable storage.,C:\Users\Neil\Downloads\Revised_RequirementsDocument.docx,373783799e0839ac40e5ea7ecab27854e04dc749ba615bbeefe40e4a306c0921
FR-07,Item Listing & Management,Owner,"The system shall allow owners to edit, pause, or remove an existing item listing.",Partially matches,"Edit/resubmit, pause/reactivate, and removal exist; removing a transacted listing breaks history.",app/Livewire/Owner/Listings/Form.php; app/Livewire/Owner/Listings/Index.php; app/Models/Rental.php,tests/Feature/ListingTest.php; docs/audit/RequirementsAuditTest.php,test_fr24_removing_a_listing_does_not_break_the_renters_history_page (failed),Fresh backend suite/code inspection. Fresh targeted acceptance probe(s).,Preserve usable historical listing relations and transaction details after listing removal.,C:\Users\Neil\Downloads\Revised_RequirementsDocument.docx,373783799e0839ac40e5ea7ecab27854e04dc749ba615bbeefe40e4a306c0921
FR-08,Item Listing & Management,Owner,"The system shall allow owners to update an item’s availability status (e.g., Available, Rented, Unavailable).",Partially matches,Owners can toggle the availability boolean; explicit/derived Rented and Reserved item status is missing.,app/Livewire/Owner/Listings/Form.php; app/Models/Listing.php; app/Enums/ListingStatus.php,tests/Feature/ListingTest.php,,Fresh backend suite/code inspection.,Derive and display date-specific Reserved/Rented states in addition to the owner availability toggle.,C:\Users\Neil\Downloads\Revised_RequirementsDocument.docx,373783799e0839ac40e5ea7ecab27854e04dc749ba615bbeefe40e4a306c0921
FR-09,Item Search & Browsing,Renter,"The system shall allow renters to search and filter available items by keyword, category, price range, etc.",Matches tested behavior,"ListingSearchTest checks publication/availability, keyword, category/subcategory, price, condition, and sorting.",app/Livewire/Listings/Browse.php,tests/Feature/ListingSearchTest.php,,Fresh backend suite/code inspection.,No mismatch reproduced for ordinary filters; performance acceptance remains NFR-05.,C:\Users\Neil\Downloads\Revised_RequirementsDocument.docx,373783799e0839ac40e5ea7ecab27854e04dc749ba615bbeefe40e4a306c0921
FR-10,Item Details & Availability,Renter,"The system shall display complete item details, including photos, description, rental rate, availability calendar, and owner rating.",Matches tested behavior,"Listing detail renders photos, description, price, owner rating data, and approved-date calendar; normal calendar/details inspected in browser. See local photo-serving limitation below.",app/Livewire/Listings/Show.php; resources/views/livewire/listings/show.blade.php; app/Models/Listing.php,tests/Feature/ListingSearchTest.php,,Fresh backend suite/code inspection. Prior same-working-tree browser evidence retained; no new browser run.,Verify actual uploaded-photo URLs through the configured public storage link/deployment equivalent.,C:\Users\Neil\Downloads\Revised_RequirementsDocument.docx,373783799e0839ac40e5ea7ecab27854e04dc749ba615bbeefe40e4a306c0921
FR-11,Rental Request & Approval,Renter,"The system shall allow a renter to submit a rental request for an available item, specifying the desired rental period.",Does not match,"Normal requests, valid dates, max duration, self-rental rejection, and overlap checks pass. An open form still accepts an item subsequently made unavailable.",app/Livewire/RentalRequests/Create.php,tests/Feature/RentalRequestTest.php; docs/audit/RequirementsAuditTest.php,test_fr11_unavailable_listing_cannot_receive_a_request_from_an_open_form (failed),Fresh backend suite/code inspection. Fresh targeted acceptance probe(s).,Reload and revalidate listing availability/publication and current options at submission.,C:\Users\Neil\Downloads\Revised_RequirementsDocument.docx,373783799e0839ac40e5ea7ecab27854e04dc749ba615bbeefe40e4a306c0921
FR-12,Rental Request & Approval,Owner,"The system shall allow an owner to review, approve, or decline an incoming rental request.",Matches tested behavior,RentalRequestTest/TermsAcceptanceTest cover owner approval/rejection and another owner's denied access. Concurrency weakness is listed under NFR-01.,app/Livewire/Owner/RentalRequests/Index.php; app/Policies/RentalRequestPolicy.php,tests/Feature/RentalRequestTest.php; tests/Feature/TermsAcceptanceTest.php,,Fresh backend suite/code inspection.,Normal owner decisions match; fix approval consistency and overlapping approvals under FR-14/NFR-01.,C:\Users\Neil\Downloads\Revised_RequirementsDocument.docx,373783799e0839ac40e5ea7ecab27854e04dc749ba615bbeefe40e4a306c0921
FR-13,Rental Request & Approval,"Owner, Renter","The system shall notify both parties of the current status of a rental request (Pending, Approved, or Declined).",Partially matches,"NotificationsAndChatTest verifies the other participant is notified, but not both for every required status.",app/Livewire/RentalRequests/Create.php; app/Livewire/Owner/RentalRequests/Index.php,tests/Feature/NotificationsAndChatTest.php,,Fresh backend suite/code inspection.,Record/send the required Pending/Approved/Declined notifications for both participants.,C:\Users\Neil\Downloads\Revised_RequirementsDocument.docx,373783799e0839ac40e5ea7ecab27854e04dc749ba615bbeefe40e4a306c0921
FR-14,Rental Booking,System,The system shall generate a confirmed booking record once a rental request is approved and the rental terms are accepted.,Partially matches,Approval normally creates a rental after terms acceptance; interrupted/interleaved approvals break integrity.,app/Livewire/Owner/RentalRequests/Index.php,tests/Feature/PaymentTest.php; tests/Feature/TermsAcceptanceTest.php; docs/audit/RequirementsAuditTest.php,test_nfr01_interrupted_approval_does_not_leave_an_approved_request_without_a_booking (failed); test_nfr01_interleaved_approvals_cannot_book_the_same_dates_twice (failed),Fresh backend suite/code inspection. Fresh targeted acceptance probe(s).,Use a transaction and a shared listing lock before overlap checks and writes; prevent duplicate rentals per request.,C:\Users\Neil\Downloads\Revised_RequirementsDocument.docx,373783799e0839ac40e5ea7ecab27854e04dc749ba615bbeefe40e4a306c0921
FR-15,Rental Booking,"Owner, Renter","The system shall require both the owner and renter to accept the rental terms and agreement, which shall include the applicable cancellation policy, cancellation fees, and other details before a booking is finalized.",Matches tested behavior,Both acceptance timestamps and validation are tested; UI states the 48-hour/20% cancellation policy. Legal suitability is unverified.,app/Livewire/RentalRequests/Create.php; app/Livewire/Owner/RentalRequests/Index.php; resources/views/livewire/rental-requests/create.blade.php,tests/Feature/TermsAcceptanceTest.php,,Fresh backend suite/code inspection.,Confirm the process sequence: the app collects renter terms before request and owner terms during approval; Part VII B.4 describes acceptance after approval.,C:\Users\Neil\Downloads\Revised_RequirementsDocument.docx,373783799e0839ac40e5ea7ecab27854e04dc749ba615bbeefe40e4a306c0921
FR-16,Payment & Transaction Management,System,The system shall automatically compute the total rental cost based on the rental duration and the item’s rate.,Matches tested behavior,"Inclusive rental days, agreed price, commission, deposit, and rounded totals are tested in RentalRequestTest/PaymentTest.",app/Livewire/RentalRequests/Create.php; app/Models/CommissionSetting.php,tests/Feature/RentalRequestTest.php; tests/Feature/PaymentTest.php,,Fresh backend suite/code inspection.,No arithmetic mismatch reproduced in tested cases.,C:\Users\Neil\Downloads\Revised_RequirementsDocument.docx,373783799e0839ac40e5ea7ecab27854e04dc749ba615bbeefe40e4a306c0921
FR-17,Payment & Transaction Management,System,The system shall record every payment transaction and generate a digital receipt for both parties.,Partially matches,Payment records and renter receipt work in the normal flow. Owner reference is absent; overlapping/interrupted writes fail. Findings 4 and 12.,app/Livewire/Renter/Rentals/Show.php; resources/views/livewire/renter/rentals/show.blade.php; resources/views/livewire/owner/rentals/show.blade.php,tests/Feature/PaymentTest.php; docs/audit/RequirementsAuditTest.php,test_nfr03_interrupted_payment_does_not_leave_a_paid_record_with_an_unpaid_booking (failed); test_nfr03_two_payment_actions_loaded_before_either_finishes_record_only_one_payment (failed); test_fr17_owner_receipt_includes_the_payment_reference (failed),Fresh backend suite/code inspection. Fresh targeted acceptance probe(s).,"Make payment/deposit/status updates atomic and idempotent, and display a traceable payment reference on the owner receipt.",C:\Users\Neil\Downloads\Revised_RequirementsDocument.docx,373783799e0839ac40e5ea7ecab27854e04dc749ba615bbeefe40e4a306c0921
FR-18,Item Pickup or Delivery,"Owner, Renter",The system shall allow the owner and renter to coordinate and confirm item pickup or delivery arrangements.,Matches tested behavior,"Fulfillment choice, participant messaging, and pickup confirmations are exercised; no courier integration is claimed. Part VII B.6 additionally describes a confirmed schedule notification; there is no dedicated pickup time/address confirmation record or schedule-notification workflow.",app/Livewire/Messages/Show.php; app/Services/RentalLifecycle.php,tests/Feature/NotificationsAndChatTest.php; tests/Feature/RentalLifecycleTest.php,,Fresh backend suite/code inspection.,FR-18 coordination works. Clarify/implement the additional confirmed pickup/delivery schedule notification described in Part VII B.6.,C:\Users\Neil\Downloads\Revised_RequirementsDocument.docx,373783799e0839ac40e5ea7ecab27854e04dc749ba615bbeefe40e4a306c0921
FR-19,Rental Tracking,System,"The system shall track and display the real-time status of an active rental (e.g., Ongoing, Due Soon, Overdue).",Does not match,"Active/Due Soon display works, but past-due Active rentals remain Active before the daily job; live page refresh is absent.",app/Models/Rental.php; app/Console/Commands/MarkOverdueRentals.php; routes/console.php,tests/Feature/RentalStatusDisplayTest.php; tests/Feature/RentalLifecycleTest.php; docs/audit/RequirementsAuditTest.php,test_fr19_past_due_active_rental_displays_overdue_without_waiting_for_the_daily_job (failed),Fresh backend suite/code inspection. Fresh targeted acceptance probe(s).,Derive past-due display status promptly and provide an agreed page-refresh/update strategy.,C:\Users\Neil\Downloads\Revised_RequirementsDocument.docx,373783799e0839ac40e5ea7ecab27854e04dc749ba615bbeefe40e4a306c0921
FR-20,Rental Tracking,System,The system shall send automated notifications for upcoming due dates and overdue rentals.,Partially matches,Lifecycle/notification tests run overdue logic; reminder command is registered and logic inspected. Actual scheduled execution and delivery timing were not verified.,app/Console/Commands/SendReturnReminders.php; app/Services/RentalLifecycle.php; routes/console.php,tests/Feature/RentalLifecycleTest.php; tests/Feature/NotificationsAndChatTest.php,,Fresh backend suite/code inspection.,"Verify scheduler deployment, business timezone/cadence, reminder timing, and delivery; tests invoke overdue logic directly.",C:\Users\Neil\Downloads\Revised_RequirementsDocument.docx,373783799e0839ac40e5ea7ecab27854e04dc749ba615bbeefe40e4a306c0921
FR-21,Item Return & Condition Checking,Owner,The system shall allow the owner to confirm the return of a rented item and record its returned condition.,Matches tested behavior,ConditionAndDamageTest/RentalLifecycleTest cover return confirmation and returned condition/damage records.,app/Livewire/Owner/Rentals/Show.php; app/Services/RentalLifecycle.php,tests/Feature/ConditionAndDamageTest.php; tests/Feature/RentalLifecycleTest.php,,Fresh backend suite/code inspection.,No normal-flow mismatch reproduced; condition inspection is manual as allowed by the document.,C:\Users\Neil\Downloads\Revised_RequirementsDocument.docx,373783799e0839ac40e5ea7ecab27854e04dc749ba615bbeefe40e4a306c0921
FR-22,Item Return & Condition Checking,System,The system shall close and archive a rental transaction once the return has been confirmed.,Partially matches,"Both return confirmations produce Returned; owner Complete Inspection produces Completed and keeps the transaction in history. Part VII B.7 explicitly permits inspection before closure. FR-22 does not specify the extra renter acknowledgement or separate closure action, so confirm the intended trigger rather than treating inspection itself as a defect.",app/Services/RentalLifecycle.php; app/Policies/RentalPolicy.php,tests/Feature/RentalLifecycleTest.php; tests/Feature/RentalHistoryTest.php,,Fresh backend suite/code inspection.,"Confirm that both return acknowledgements plus owner Complete Inspection are the accepted closure trigger. Part VII B.7 allows inspection before closure, so inspection itself is not a defect.",C:\Users\Neil\Downloads\Revised_RequirementsDocument.docx,373783799e0839ac40e5ea7ecab27854e04dc749ba615bbeefe40e4a306c0921
FR-23,Ratings & Reviews,"Owner, Renter",The system shall allow the owner and renter to rate and review each other after a completed transaction.,Does not match,Normal reciprocal reviews and duplicate prevention pass; owner can submit a renter-attributed self-review.,app/Livewire/Renter/Rentals/Show.php; app/Livewire/Owner/Rentals/Show.php,tests/Feature/ReviewsAndDisputeTest.php; docs/audit/RequirementsAuditTest.php,test_fr23_owner_cannot_submit_a_review_attributed_to_the_renter (failed),Fresh backend suite/code inspection. Fresh targeted acceptance probe(s).,Require the actual renter for renter-to-owner/item review actions; reject owner self-reviews.,C:\Users\Neil\Downloads\Revised_RequirementsDocument.docx,373783799e0839ac40e5ea7ecab27854e04dc749ba615bbeefe40e4a306c0921
FR-24,Rental History,"Owner, Renter",The system shall allow users to view their complete history of past bookings and transactions.,Does not match,Ordinary history includes all rental statuses and excludes other renters. Account deletion removes the other party's history; listing removal makes history return 500.,app/Livewire/Renter/Rentals/Index.php; app/Livewire/Owner/Rentals/Index.php; resources/views/livewire/profile/delete-user-form.blade.php; database/migrations/2026_09_06_171728_a_create_rentals_table.php,tests/Feature/RentalHistoryTest.php; tests/Feature/ProfileTest.php; docs/audit/RequirementsAuditTest.php,test_fr24_deleting_one_account_preserves_the_other_partys_transaction_history (failed); test_fr24_removing_a_listing_does_not_break_the_renters_history_page (failed),Fresh backend suite/code inspection. Fresh targeted acceptance probe(s).,Retain transaction history when accounts close and support removed listings in all historical views.,C:\Users\Neil\Downloads\Revised_RequirementsDocument.docx,373783799e0839ac40e5ea7ecab27854e04dc749ba615bbeefe40e4a306c0921
FR-25,Owner Earnings & Records,Owner,The system shall allow owners to view a summary of their earnings and completed rental transactions.,Matches tested behavior,"DashboardAnalyticsTest checks paid earnings, completed transactions, monthly figures, and listing analytics. Refund accounting beyond the implemented simulated workflow was not validated.",app/Livewire/Member/Dashboard.php,tests/Feature/DashboardAnalyticsTest.php,,Fresh backend suite/code inspection.,No normal earnings mismatch reproduced; reconcile simulated refunds/cancellations against the final accounting rules.,C:\Users\Neil\Downloads\Revised_RequirementsDocument.docx,373783799e0839ac40e5ea7ecab27854e04dc749ba615bbeefe40e4a306c0921
FR-26,Admin Management,Admin,"The system shall allow the admin to view, manage, and suspend user accounts when necessary.",Matches tested behavior,"RoleAccessTest checks admin account viewing, suspension/reactivation, admin restrictions, and suspended-user access denial.",app/Livewire/Admin/Dashboard.php; app/Http/Middleware/EnsureAccountIsActive.php,tests/Feature/RoleAccessTest.php,,Fresh backend suite/code inspection.,No mismatch reproduced for the implemented account-view and suspension workflow.,C:\Users\Neil\Downloads\Revised_RequirementsDocument.docx,373783799e0839ac40e5ea7ecab27854e04dc749ba615bbeefe40e4a306c0921
FR-27,Admin Management,Admin,The system shall allow the admin to monitor and moderate item listings for policy compliance.,Matches tested behavior,ListingTest checks admin approval/rejection with reason and public visibility; moderation implementation reviewed.,app/Livewire/Admin/Listings/Index.php; app/Models/Listing.php,tests/Feature/ListingTest.php,,Fresh backend suite/code inspection.,No mismatch reproduced for listing approval/rejection; align the publishing flow description with moderation.,C:\Users\Neil\Downloads\Revised_RequirementsDocument.docx,373783799e0839ac40e5ea7ecab27854e04dc749ba615bbeefe40e4a306c0921
FR-28,Admin Management,Admin,The system shall allow the admin to view and manage all rental transactions on the platform.,Partially matches,"AdminTransactionsTest checks access, all-transaction viewing, search/status filters, and totals. Transaction page has no detail or management actions; clarify what “manage” must permit.",app/Livewire/Admin/Rentals/Index.php; resources/views/livewire/admin/rentals/index.blade.php,tests/Feature/AdminTransactionsTest.php,,Fresh backend suite/code inspection.,Define the required transaction-management actions. Current screen is a searchable/filterable overview; dispute/deposit actions exist elsewhere.,C:\Users\Neil\Downloads\Revised_RequirementsDocument.docx,373783799e0839ac40e5ea7ecab27854e04dc749ba615bbeefe40e4a306c0921
FR-29,Reports & Dispute Management,"Owner, Renter",The system shall allow owners and renters to file a report or dispute regarding a rental transaction.,Matches tested behavior,ReviewsAndDisputeTest exercises damage-related and general disputes; both participant components provide filing actions.,app/Livewire/Owner/Rentals/Show.php; app/Livewire/Renter/Rentals/Show.php; app/Services/RentalLifecycle.php,tests/Feature/ReviewsAndDisputeTest.php,,Fresh backend suite/code inspection.,No mismatch reproduced for participant dispute filing in tested cases.,C:\Users\Neil\Downloads\Revised_RequirementsDocument.docx,373783799e0839ac40e5ea7ecab27854e04dc749ba615bbeefe40e4a306c0921
FR-30,Reports & Dispute Management,Admin,"The system shall provide the admin with tools to review, investigate, and resolve reported disputes.",Matches tested behavior,"Admin dispute workflow, resolution validation, deposits, and unauthorized access checks run in ReviewsAndDisputeTest.",app/Livewire/Admin/Disputes/Index.php; app/Services/RentalLifecycle.php,tests/Feature/ReviewsAndDisputeTest.php,,Fresh backend suite/code inspection.,No mismatch reproduced for the implemented investigation/resolution workflow in tested cases.,C:\Users\Neil\Downloads\Revised_RequirementsDocument.docx,373783799e0839ac40e5ea7ecab27854e04dc749ba615bbeefe40e4a306c0921
FR-31,Messaging,"Owner, Renter",The system shall allow a renter and an owner to send and receive direct messages with each other regarding an item listing or rental transaction.,Partially matches,Participants can message about rental requests and ensuing rentals. No independent pre-request listing inquiry exists; clarify whether that is required by “item listing or rental transaction.”,app/Livewire/Messages/Show.php; routes/web.php,tests/Feature/NotificationsAndChatTest.php,,Fresh backend suite/code inspection.,Confirm whether direct listing inquiries must work before any request; current threads require a rental request.,C:\Users\Neil\Downloads\Revised_RequirementsDocument.docx,373783799e0839ac40e5ea7ecab27854e04dc749ba615bbeefe40e4a306c0921
FR-32,Messaging,"Owner, Renter",The system shall organize messages between an owner and a renter into a conversation thread and notify the recipient of new incoming messages.,Matches tested behavior,"NotificationsAndChatTest/MessagesInboxTest exercise request threads, incoming-message notifications, latest message, unread counts, and read marking. Open threads do not automatically refresh incoming messages.",app/Livewire/Messages/Show.php; app/Livewire/Messages/Index.php,tests/Feature/NotificationsAndChatTest.php; tests/Feature/MessagesInboxTest.php,,Fresh backend suite/code inspection.,No thread/recipient-notification mismatch reproduced; add live refresh only if the agreed chat workflow requires it.,C:\Users\Neil\Downloads\Revised_RequirementsDocument.docx,373783799e0839ac40e5ea7ecab27854e04dc749ba615bbeefe40e4a306c0921
FR-33,Messaging,"Owner, Renter",The system shall allow users to view their complete message history with a specific owner or renter.,Matches tested behavior,"Request-specific message history persists; inbox provides all participating threads and excludes unrelated users. History is separated by request, not merged by person.",app/Livewire/Messages/Index.php; app/Models/RentalRequest.php,tests/Feature/MessagesInboxTest.php; tests/Feature/NotificationsAndChatTest.php,,Fresh backend suite/code inspection.,No normal thread-history mismatch reproduced; current histories are grouped per rental request rather than one combined thread per person.,C:\Users\Neil\Downloads\Revised_RequirementsDocument.docx,373783799e0839ac40e5ea7ecab27854e04dc749ba615bbeefe40e4a306c0921
FR-34,Rental Cancellation,"Renter, Owner","The system shall allow a renter to cancel a rental request or a confirmed booking prior to item hand-over, subject to the cancellation policy stated in the rental terms and agreement.",Does not match,Pending requests and pre-pickup bookings can cancel; Active rentals cannot. Owner-only handover still allows cancellation.,app/Models/Rental.php; app/Services/RentalLifecycle.php; app/Livewire/Renter/RentalRequests/Index.php,tests/Feature/CancellationTest.php; tests/Feature/RentalRequestTest.php; docs/audit/RequirementsAuditTest.php,test_fr34_cancellation_is_blocked_after_owner_marks_the_item_handed_over (failed),Fresh backend suite/code inspection. Fresh targeted acceptance probe(s).,"Reject cancellation after either handover or receipt timestamp exists, even before both confirmations activate the rental.",C:\Users\Neil\Downloads\Revised_RequirementsDocument.docx,373783799e0839ac40e5ea7ecab27854e04dc749ba615bbeefe40e4a306c0921
FR-35,Rental Cancellation,System,"The system shall automatically compute and apply a cancellation fee, if applicable, based on the timing of the cancellation relative to the scheduled rental start date, in accordance with the rental terms and agreement.",Matches tested behavior,"CancellationTest covers timing, 48-hour cutoff policy, 20% fee, and no-fee advance cancellation. No external money movement is claimed.",app/Services/CancellationPolicy.php; app/Services/RentalLifecycle.php,tests/Feature/CancellationTest.php,,Fresh backend suite/code inspection.,No mismatch reproduced for the current 48-hour/20% policy; obtain approval of the final business/legal policy.,C:\Users\Neil\Downloads\Revised_RequirementsDocument.docx,373783799e0839ac40e5ea7ecab27854e04dc749ba615bbeefe40e4a306c0921
FR-36,Rental Cancellation,"System, Owner",The system shall notify the owner once a rental has been cancelled and update the item’s availability status accordingly.,Partially matches,Confirmed-booking cancellation notifies owner and changes approved request status to free dates. Item Reserved status is absent; pending-request cancellation sends no owner notification by inspection.,app/Services/RentalLifecycle.php; app/Livewire/Renter/RentalRequests/Index.php,tests/Feature/CancellationTest.php,,Fresh backend suite/code inspection.,"Notify the owner for request-only cancellation too, and show the resulting date-specific item availability.",C:\Users\Neil\Downloads\Revised_RequirementsDocument.docx,373783799e0839ac40e5ea7ecab27854e04dc749ba615bbeefe40e4a306c0921
FR-37,Rental Cancellation,System,"The system shall record the cancellation, including the reason (if provided) and any cancellation fee applied, in the rental history of both parties.",Matches tested behavior,Booking cancellation persists time/reason/fee and displays them to both participants. Request-only cancellation records status without a reason/fee; optional reason is not treated as mandatory.,app/Services/RentalLifecycle.php; resources/views/livewire/renter/rentals/show.blade.php; resources/views/livewire/owner/rentals/show.blade.php,tests/Feature/CancellationTest.php,,Fresh backend suite/code inspection.,No mismatch reproduced for recorded booking cancellations; define any extra request-only reason/history fields if desired.,C:\Users\Neil\Downloads\Revised_RequirementsDocument.docx,373783799e0839ac40e5ea7ecab27854e04dc749ba615bbeefe40e4a306c0921
FR-38,User Profile Management,"Owner, Renter","The system shall allow users to view and update their personal information, including their picture, name, address, email, password, phone number, etc.",Matches tested behavior,ProfileTest covers name/contact/address/email/photo and deletion; PasswordUpdateTest covers confirmed compliant password changes. Deletion side effect fails FR-24.,resources/views/livewire/profile/update-profile-information-form.blade.php; resources/views/livewire/profile/update-password-form.blade.php,tests/Feature/ProfileTest.php; tests/Feature/Auth/PasswordUpdateTest.php,,Fresh backend suite/code inspection.,No profile-update mismatch reproduced; fix account deletion history loss under FR-24.,C:\Users\Neil\Downloads\Revised_RequirementsDocument.docx,373783799e0839ac40e5ea7ecab27854e04dc749ba615bbeefe40e4a306c0921
FR-39,User Registration & Login,Admin,The system shall allow the admin to securely log in and log out using valid administrator credentials.,Matches tested behavior,"AuthenticationTest and RoleAccessTest cover credentials/logout, admin/member boundaries, and administrator dashboard access.",app/Livewire/Forms/LoginForm.php; routes/web.php,tests/Feature/Auth/AuthenticationTest.php; tests/Feature/RoleAccessTest.php,,Fresh backend suite/code inspection.,No admin-login/logout mismatch reproduced in tested cases.,C:\Users\Neil\Downloads\Revised_RequirementsDocument.docx,373783799e0839ac40e5ea7ecab27854e04dc749ba615bbeefe40e4a306c0921
FR-40,Rental Booking,System,The system shall send a booking confirmation notification to both the owner and the renter once a booking is confirmed.,Does not match,Extra approval probe finds a renter notification but no owner booking confirmation.,app/Livewire/Owner/RentalRequests/Index.php,tests/Feature/NotificationsAndChatTest.php; docs/audit/RequirementsAuditTest.php,test_fr40_booking_confirmation_notifies_both_parties (failed),Fresh backend suite/code inspection. Fresh targeted acceptance probe(s).,Send booking confirmation to both owner and renter after the booking commits.,C:\Users\Neil\Downloads\Revised_RequirementsDocument.docx,373783799e0839ac40e5ea7ecab27854e04dc749ba615bbeefe40e4a306c0921
FR-41,Payment & Transaction Management,Renter,The system shall allow the renter to complete payment for a confirmed booking through the platform’s supported payment method.,Matches tested behavior,PaymentTest exercises the explicitly supported simulated payment action. Third-party payment gateways are excluded by the supplied NFR-16 scope.,app/Livewire/Renter/Rentals/Show.php,tests/Feature/PaymentTest.php,,Fresh backend suite/code inspection.,The supported method is simulated payment; a live gateway is expressly out of scope unless finalized separately.,C:\Users\Neil\Downloads\Revised_RequirementsDocument.docx,373783799e0839ac40e5ea7ecab27854e04dc749ba615bbeefe40e4a306c0921
FR-42,Payment & Transaction Management,System,The system shall update the item’s status to “Reserved” for the duration of a confirmed booking once the payment transaction has been recorded.,Does not match,Paid booking covering today still displays no Reserved item status. Calendar/overlap protection is not the required status.,app/Livewire/Renter/Rentals/Show.php; app/Models/Listing.php; resources/views/livewire/listings/show.blade.php,tests/Feature/PaymentTest.php; docs/audit/RequirementsAuditTest.php,test_fr42_paid_booking_displays_reserved_status (failed),Fresh backend suite/code inspection. Fresh targeted acceptance probe(s).,Display Reserved for paid booking dates and restore available dates on permitted cancellation.,C:\Users\Neil\Downloads\Revised_RequirementsDocument.docx,373783799e0839ac40e5ea7ecab27854e04dc749ba615bbeefe40e4a306c0921
FR-43,Item Pickup or Delivery,"Owner, Renter","The system shall allow the owner to mark an item as “Handed Over” and the renter to mark the item as “Received” once the item has been released and successfully received, respectively.",Matches tested behavior,Separate owner and renter pickup timestamps are exercised by RentalLifecycleTest/NotificationsAndChatTest.,app/Services/RentalLifecycle.php; app/Models/Rental.php,tests/Feature/RentalLifecycleTest.php; tests/Feature/NotificationsAndChatTest.php,,Fresh backend suite/code inspection.,Both timestamps work; fix cancellation enforcement when only the owner has confirmed handover.,C:\Users\Neil\Downloads\Revised_RequirementsDocument.docx,373783799e0839ac40e5ea7ecab27854e04dc749ba615bbeefe40e4a306c0921
FR-44,Item Pickup or Delivery,System,The system shall update the rental status to “Ongoing” once the hand-over of the item has been logged.,Matches tested behavior,"Both confirmations transition to Active Rental, the implementation's equivalent of Ongoing.",app/Services/RentalLifecycle.php; app/Enums/RentalStatus.php,tests/Feature/RentalLifecycleTest.php,,Fresh backend suite/code inspection.,Confirm that Active Rental is the accepted display label for Ongoing; both acknowledgements currently start it.,C:\Users\Neil\Downloads\Revised_RequirementsDocument.docx,373783799e0839ac40e5ea7ecab27854e04dc749ba615bbeefe40e4a306c0921
FR-45,Ratings & Reviews,System,"The system shall prompt the owner and renter to optionally rate and review each other once a rental transaction is closed, and shall publish each submitted rating and review to the respective user’s public profile.",Does not match,Extra probe verifies optional forms for both after closure. Public user profiles publishing peer reviews are absent.,app/Services/RentalLifecycle.php; resources/views/livewire/owner/rentals/show.blade.php; resources/views/livewire/renter/rentals/show.blade.php; routes/web.php,tests/Feature/ReviewsAndDisputeTest.php; docs/audit/RequirementsAuditTest.php,test_fr45_closed_rental_prompts_both_parties_on_their_rental_pages (passed),Fresh backend suite/code inspection. Fresh targeted acceptance probe(s).,"Keep the existing optional review prompts, and add public user profiles publishing peer reviews after fixing review authorization.",C:\Users\Neil\Downloads\Revised_RequirementsDocument.docx,373783799e0839ac40e5ea7ecab27854e04dc749ba615bbeefe40e4a306c0921
FR-46,Reports & Dispute Management,System,The system shall notify the involved parties of the resolution once the admin closes a reported issue or dispute.,Implemented; needs verification,`RentalLifecycle::resolveDispute` sends resolution notifications to both participants. Resolution behavior runs in existing tests; both-recipient delivery was checked in code rather than a dedicated assertion.,app/Services/RentalLifecycle.php,tests/Feature/ReviewsAndDisputeTest.php,,Fresh backend suite/code inspection.,Add a focused assertion for both resolution recipients and verify the intended delivery channels.,C:\Users\Neil\Downloads\Revised_RequirementsDocument.docx,373783799e0839ac40e5ea7ecab27854e04dc749ba615bbeefe40e4a306c0921
FR-47,Item Listing & Management,Owner,The system shall allow owners to set the location of an item listing so that the item can be shown on the map.,Partially matches,Owner form and map picker save and range-validate coordinates. Editing a stored latitude/longitude of 0 converts it to null; code inspection confirms this gap. Browser picker/permission interaction remains unverified.,app/Livewire/Owner/Listings/Form.php; resources/js/map.js,tests/Feature/ListingTest.php,,Fresh backend suite/code inspection.,Preserve zero coordinates while editing and complete browser tests for map click/drag/current-location selection.,C:\Users\Neil\Downloads\Revised_RequirementsDocument.docx,373783799e0839ac40e5ea7ecab27854e04dc749ba615bbeefe40e4a306c0921
FR-48,Map & Nearby Item Search,Renter,The system shall display available item listings as pins on an interactive map.,Matches tested behavior,Map test filtering plus browser tiles/pins work for published available listings with coordinates. the documented defect makes popup rendering unsafe.,app/Livewire/Listings/Map.php; resources/js/map.js,tests/Feature/ListingSearchTest.php,,Fresh backend suite/code inspection. Prior same-working-tree browser evidence retained; no new browser run.,Keep ordinary pin behavior; fix unsafe popup rendering and add the required photo.,C:\Users\Neil\Downloads\Revised_RequirementsDocument.docx,373783799e0839ac40e5ea7ecab27854e04dc749ba615bbeefe40e4a306c0921
FR-49,Map & Nearby Item Search,Renter,"The system shall allow the renter to use their current location, obtained through the browser with the user’s permission, to center the map and mark the renter’s own position.",Implemented; needs verification,`getCurrentPosition` is called by the user control; success centers the map and adds a location marker. Actual permission grant/device position was not requested in this audit.,resources/js/map.js; resources/views/livewire/listings/map.blade.php,,,Code inspection; no dedicated complete runtime check.,Exercise permission grant/denial and location success/error paths in a supported browser.,C:\Users\Neil\Downloads\Revised_RequirementsDocument.docx,373783799e0839ac40e5ea7ecab27854e04dc749ba615bbeefe40e4a306c0921
FR-50,Map & Nearby Item Search,Renter,"The system shall allow the renter, once a location is set, to limit the displayed listings to a selected distance radius (e.g., 5, 10, 25, or 50 km).",Partially matches,Manila radius test passes and UI offers 5/10/25/50 km. Valid zero coordinates bypass filtering.,app/Livewire/Listings/Map.php; resources/views/livewire/listings/map.blade.php,tests/Feature/ListingSearchTest.php; docs/audit/RequirementsAuditTest.php,test_nfr19_zero_latitude_still_filters_by_distance (failed),Fresh backend suite/code inspection. Fresh targeted acceptance probe(s).,Use explicit null checks so latitude/longitude 0 still applies the radius.,C:\Users\Neil\Downloads\Revised_RequirementsDocument.docx,373783799e0839ac40e5ea7ecab27854e04dc749ba615bbeefe40e4a306c0921
FR-51,Map & Nearby Item Search,System,The system shall automatically sort listings from nearest to farthest once the renter’s location is set.,Partially matches,Extra Manila nearest-first probe passes; zero coordinates disable sorting/distances.,app/Livewire/Listings/Map.php; app/Support/Geo.php,tests/Feature/ListingSearchTest.php; docs/audit/RequirementsAuditTest.php,test_nfr19_zero_latitude_still_filters_by_distance (failed); test_fr51_manila_location_sorts_markers_nearest_first (passed),Fresh backend suite/code inspection. Fresh targeted acceptance probe(s).,Use explicit null checks so zero coordinates still calculate distances and nearest-first ordering.,C:\Users\Neil\Downloads\Revised_RequirementsDocument.docx,373783799e0839ac40e5ea7ecab27854e04dc749ba615bbeefe40e4a306c0921
FR-52,Map & Nearby Item Search,Renter,"The system shall allow the renter to search and filter the listings on the map by keyword and category, using the same filtering logic as the item search.",Matches tested behavior,Shared keyword behavior has an extra passing probe; category/subcategory query conditions match browsing; browser keyword updates pins.,app/Livewire/Listings/Map.php; app/Livewire/Listings/Browse.php,tests/Feature/ListingSearchTest.php; docs/audit/RequirementsAuditTest.php,test_fr52_map_and_browse_use_the_same_keyword_matches (passed),Fresh backend suite/code inspection. Fresh targeted acceptance probe(s). Prior same-working-tree browser evidence retained; no new browser run.,Ordinary keyword/category matching works; retain the shared behavior when fixing map code.,C:\Users\Neil\Downloads\Revised_RequirementsDocument.docx,373783799e0839ac40e5ea7ecab27854e04dc749ba615bbeefe40e4a306c0921
FR-53,Map & Nearby Item Search,Renter,"The system shall show, for each map pin, a preview containing the item’s photo, name, rental price per day, etc., and shall open the item’s detail page when the pin is selected.",Does not match,Popup has name/price/link but no photo. Pin opens popup; detail opens only after clicking link.,resources/js/map.js; app/Livewire/Listings/Map.php,,,Code inspection; no dedicated complete runtime check. Prior same-working-tree browser evidence retained; no new browser run.,Include the photo safely; agree whether selecting a pin opens details directly or an approved preview/link interaction.,C:\Users\Neil\Downloads\Revised_RequirementsDocument.docx,373783799e0839ac40e5ea7ecab27854e04dc749ba615bbeefe40e4a306c0921
NFR-01,Correctness,Baseline: Data Integrity,"The system must ensure that item status, booking records, and transaction history remain accurate and synchronized at all times.",Does not match,"Controlled booking/payment failures, overlapping actions, and deletion probes contradict always-synchronized data.",app/Livewire/Owner/RentalRequests/Index.php; app/Livewire/Renter/Rentals/Show.php; database/migrations/2026_09_06_171728_a_create_rentals_table.php,tests/Feature/PaymentTest.php; tests/Feature/RentalRequestTest.php; tests/Feature/RentalHistoryTest.php; docs/audit/RequirementsAuditTest.php,test_nfr01_interrupted_approval_does_not_leave_an_approved_request_without_a_booking (failed); test_nfr03_interrupted_payment_does_not_leave_a_paid_record_with_an_unpaid_booking (failed); test_nfr03_two_payment_actions_loaded_before_either_finishes_record_only_one_payment (failed); test_nfr01_interleaved_approvals_cannot_book_the_same_dates_twice (failed); test_fr24_deleting_one_account_preserves_the_other_partys_transaction_history (failed); test_fr24_removing_a_listing_does_not_break_the_renters_history_page (failed),Fresh backend suite/code inspection. Fresh targeted acceptance probe(s).,"Fix booking/payment atomicity, prevent duplicates/overlaps, and preserve historical data after account/listing removal.",C:\Users\Neil\Downloads\Revised_RequirementsDocument.docx,373783799e0839ac40e5ea7ecab27854e04dc749ba615bbeefe40e4a306c0921
NFR-02,Correctness,Derived from FR-16 and FR-35,"The system must accurately compute the total rental cost and any applicable cancellation fee based on the rental duration, the item’s rate, and the rental terms and agreement.",Matches tested behavior,Cost and cancellation arithmetic pass ordinary/boundary tests. This does not validate consistency of the surrounding payment writes.,app/Livewire/RentalRequests/Create.php; app/Services/CancellationPolicy.php,tests/Feature/RentalRequestTest.php; tests/Feature/PaymentTest.php; tests/Feature/CancellationTest.php,,Fresh backend suite/code inspection.,Retain passing boundary/arithmetic tests; resolve the surrounding persistence defects separately.,C:\Users\Neil\Downloads\Revised_RequirementsDocument.docx,373783799e0839ac40e5ea7ecab27854e04dc749ba615bbeefe40e4a306c0921
NFR-03,Reliability,Baseline: Reliability,"The system must consistently and accurately reflect item availability, booking status, and payment records across all user sessions.",Does not match,"Overlapping payment/approval actions, stale availability, and broken historical listing relations fail consistent session behavior.",app/Livewire/Owner/RentalRequests/Index.php; app/Livewire/Renter/Rentals/Show.php; app/Livewire/RentalRequests/Create.php; app/Models/Rental.php,tests/Feature/PaymentTest.php; tests/Feature/RentalRequestTest.php; docs/audit/RequirementsAuditTest.php,test_fr11_unavailable_listing_cannot_receive_a_request_from_an_open_form (failed); test_nfr01_interrupted_approval_does_not_leave_an_approved_request_without_a_booking (failed); test_nfr03_interrupted_payment_does_not_leave_a_paid_record_with_an_unpaid_booking (failed); test_nfr03_two_payment_actions_loaded_before_either_finishes_record_only_one_payment (failed); test_nfr01_interleaved_approvals_cannot_book_the_same_dates_twice (failed); test_fr24_removing_a_listing_does_not_break_the_renters_history_page (failed),Fresh backend suite/code inspection. Fresh targeted acceptance probe(s).,Recheck shared state under transactions/locks and reload stale actions before changing availability or payment state.,C:\Users\Neil\Downloads\Revised_RequirementsDocument.docx,373783799e0839ac40e5ea7ecab27854e04dc749ba615bbeefe40e4a306c0921
NFR-04,Reliability,Baseline: Availability,"The system should be accessible to users at all times, with any scheduled maintenance communicated to users in advance.",Unverified,"Local app was accessible. No production uptime history, hosting resilience, backups/restore, maintenance communications, or monitoring evidence was available.",routes/web.php; README.md,,,Code inspection; no dedicated complete runtime check.,"Define uptime and maintenance communication expectations; verify deployed monitoring, recovery, and operating procedures.",C:\Users\Neil\Downloads\Revised_RequirementsDocument.docx,373783799e0839ac40e5ea7ecab27854e04dc749ba615bbeefe40e4a306c0921
NFR-05,Efficiency,Baseline: Performance,"Core actions such as searching for items, submitting a rental request, and processing a booking must complete within an acceptable response time under normal load.",Unverified,Local timings below. No numerical target or defined normal concurrent load was supplied. SQLite test-harness timings cannot certify deployed MySQL behavior.,app/Livewire/Listings/Browse.php; app/Livewire/RentalRequests/Create.php; app/Livewire/Owner/RentalRequests/Index.php,,,"Code inspection; no dedicated complete runtime check. Prior 1,000-listing sequential SQLite sample; not a deployment/load certification.","Set a numeric response-time target and expected simultaneous load, then benchmark deployed MySQL and hosting.",C:\Users\Neil\Downloads\Revised_RequirementsDocument.docx,373783799e0839ac40e5ea7ecab27854e04dc749ba615bbeefe40e4a306c0921
NFR-06,Integrity,Baseline: Security,All user passwords must be stored using secure hashing algorithms.,Matches tested behavior,User password hashed cast and Hash::make/Hash::check are exercised by registration/reset/update tests; plaintext passwords are not stored by these paths.,app/Models/User.php; resources/views/livewire/pages/auth/register.blade.php; app/Services/PasswordResetCodes.php,tests/Feature/Auth/RegistrationTest.php; tests/Feature/Auth/PasswordResetTest.php; tests/Feature/Auth/PasswordUpdateTest.php,,Fresh backend suite/code inspection.,No plaintext-password storage found in reviewed authentication paths; hashing tests pass.,C:\Users\Neil\Downloads\Revised_RequirementsDocument.docx,373783799e0839ac40e5ea7ecab27854e04dc749ba615bbeefe40e4a306c0921
NFR-07,Integrity,Baseline: Security,"Sensitive data must be protected against unauthorized access through role-based access control for Owner, Renter, and Admin accounts.",Does not match,"Most admin/participant access tests pass, but review permission bypass and executable map content remain. Per-login role restriction is also absent.",app/Http/Middleware/EnsureUserHasRole.php; app/Policies/RentalPolicy.php; app/Livewire/Renter/Rentals/Show.php; resources/js/map.js,tests/Feature/RoleAccessTest.php; tests/Feature/ReviewsAndDisputeTest.php; tests/Feature/Auth/DemoAccountSwitchTest.php; docs/audit/RequirementsAuditTest.php,test_fr23_owner_cannot_submit_a_review_attributed_to_the_renter (failed),Fresh backend suite/code inspection. Fresh targeted acceptance probe(s). Prior same-working-tree browser evidence retained; no new browser run.,"Fix review participant checks, unsafe map content, and the selected-role access design before security sign-off.",C:\Users\Neil\Downloads\Revised_RequirementsDocument.docx,373783799e0839ac40e5ea7ecab27854e04dc749ba615bbeefe40e4a306c0921
NFR-08,Integrity,Baseline: Compliance,"Rental agreements, data handling, and payment processing must align with applicable consumer protection and data privacy standards.",Unverified,"No legal compliance sign-off. Agreements, privacy/retention policy, operating practices, and payment handling need review against the applicable jurisdiction and deployment.",resources/views/livewire/rental-requests/create.blade.php; resources/views/livewire/profile/delete-user-form.blade.php,,,Code inspection; no dedicated complete runtime check.,"Obtain an applicable policy/compliance review of agreements, privacy, retention, and payment handling; this report makes no legal determination.",C:\Users\Neil\Downloads\Revised_RequirementsDocument.docx,373783799e0839ac40e5ea7ecab27854e04dc749ba615bbeefe40e4a306c0921
NFR-09,Usability,Baseline: Usability,"The system must provide a simple, intuitive interface that allows owners to list items and renters to complete a booking with minimal steps.",Partially matches,"Browser login/logout, map search/detail navigation, desktop/mobile layouts, and backend listing/booking actions were checked. No representative-user usability study or end-to-end browser booking study was performed.",routes/web.php; resources/views/livewire/layout/sidebar.blade.php; resources/views/livewire/member/dashboard.blade.php,,,Code inspection; no dedicated complete runtime check. Prior same-working-tree browser evidence retained; no new browser run.,"Run representative-user listing/booking tasks and measure steps, completion, and errors.",C:\Users\Neil\Downloads\Revised_RequirementsDocument.docx,373783799e0839ac40e5ea7ecab27854e04dc749ba615bbeefe40e4a306c0921
NFR-10,Usability,Derived from Test Plan quality objectives (Part VIII),"Error messages displayed to users must be clear, specific, and actionable.",Partially matches,Validation-specific messages and SMTP retry messages are tested/reviewed. Removing a listing produces a 500 history page; injected storage failures have no safe recoverable booking/payment outcome.,app/Livewire/Owner/Listings/Form.php; resources/views/livewire/pages/auth/register.blade.php; resources/views/livewire/renter/rentals/index.blade.php,tests/Feature/ListingTest.php; tests/Feature/Auth/RegistrationTest.php; tests/Feature/Auth/EmailVerificationTest.php,,Fresh backend suite/code inspection.,Prevent broken history pages and recover safely from interrupted writes; retain specific validation/retry messages.,C:\Users\Neil\Downloads\Revised_RequirementsDocument.docx,373783799e0839ac40e5ea7ecab27854e04dc749ba615bbeefe40e4a306c0921
NFR-11,Maintainability,Baseline: Maintainability,"The system must be built in a modular manner to allow developers to easily update, patch, or extend features over time.",Implemented; needs verification,"Components, policies, services, models, and enums are separated. Main auth/rental/map/admin/message paths reviewed; no claim of a whole-repo maintainability certification.",app/Services/RentalLifecycle.php; app/Services/CancellationPolicy.php; app/Policies/RentalPolicy.php; app/Enums/RentalStatus.php,,,Code inspection; no dedicated complete runtime check.,Code separation is present; assess maintainability during actual changes rather than treating folder structure as certification.,C:\Users\Neil\Downloads\Revised_RequirementsDocument.docx,373783799e0839ac40e5ea7ecab27854e04dc749ba615bbeefe40e4a306c0921
NFR-12,Flexibility,Baseline: Scalability,"The system architecture must support a growing number of users, item listings, and transactions without requiring major redesign.",Unverified,"Listings paginate, but the map loads all matching listings/images and computes distances in PHP on every render. Messages also load whole histories/threads. No concurrent/growth test proves capacity or a no-redesign limit.",app/Livewire/Listings/Map.php; app/Livewire/Messages/Index.php; app/Livewire/Messages/Show.php,,,"Code inspection; no dedicated complete runtime check. Prior 1,000-listing sequential SQLite sample; not a deployment/load certification.",Define growth and concurrency targets; load-test map and chat queries. Bound results/history where measured bottlenecks require it.,C:\Users\Neil\Downloads\Revised_RequirementsDocument.docx,373783799e0839ac40e5ea7ecab27854e04dc749ba615bbeefe40e4a306c0921
NFR-13,Testability,"Derived from Test Plan (Test Methodology, Testing Tools)","The system must allow its backend functionality to be validated through automated request and response testing, and its user interface workflows through automated front-end testing, in addition to manual test cases.",Partially matches,"Backend and strength-unit tests exist; the prior audit automated several browser interactions. No maintained, repeatable full browser-workflow test suite was found. Part VIII names Postman collections and Selenium scripts as deliverables; these were not found in the repository.",phpunit.xml; package.json; tests/password-strength.test.js,phpunit.xml; tests/password-strength.test.js,,Fresh backend suite/code inspection.,Maintain repeatable end-to-end browser workflows; provide the named Postman/Selenium deliverables or document an approved equivalent.,C:\Users\Neil\Downloads\Revised_RequirementsDocument.docx,373783799e0839ac40e5ea7ecab27854e04dc749ba615bbeefe40e4a306c0921
NFR-14,Testability,Derived from Test Plan (Test Levels),"The system must be implemented so that individual functions, such as registration form validation, item listing form validation, and booking status logic, can be validated independently.",Matches tested behavior,"Registration/listing validation, Geo, cancellation, and lifecycle behaviors can be tested independently; current suite demonstrates that separation.",app/Services/CancellationPolicy.php; app/Support/Geo.php; app/Services/RentalLifecycle.php,tests/Feature/RentalLifecycleTest.php; tests/Feature/ListingTest.php; tests/Feature/Auth/RegistrationTest.php; tests/Feature/CancellationTest.php; tests/Unit/GeoTest.php,,Fresh backend suite/code inspection.,"No mismatch reproduced for independent validation, cost, Geo, and lifecycle checks.",C:\Users\Neil\Downloads\Revised_RequirementsDocument.docx,373783799e0839ac40e5ea7ecab27854e04dc749ba615bbeefe40e4a306c0921
NFR-15,Portability,Baseline: Compatibility,The system must function properly across major web browsers and be responsive on different devices.,Partially matches,"In-app Chromium browser only. Listing/dashboard checked at 390×844 viewport, with content width equal to available width. All major browsers and real devices were not tested.",resources/views/layouts/app.blade.php; resources/views/layouts/marketplace.blade.php,,,Code inspection; no dedicated complete runtime check. Prior same-working-tree browser evidence retained; no new browser run.,Run the supported browser/device matrix and complete full booking flows on phones/tablets.,C:\Users\Neil\Downloads\Revised_RequirementsDocument.docx,373783799e0839ac40e5ea7ecab27854e04dc749ba615bbeefe40e4a306c0921
NFR-16,Interoperability,"Derived from FR-02, FR-04, FR-48, and Scope","The system must be able to interface with an email delivery service for account verification and password recovery, and with a map service for displaying the map view. Interfaces with other external services, such as live third-party payment gateways and courier services, are outside the current scope unless confirmed as part of the finalized requirements.",Partially matches,Current tests exercise email notifications with test transport; earlier live Gmail SMTP acceptance succeeded. Browser loaded external map tiles. Actual verification/reset inbox round trips and service-outage resilience remain unverified.,config/mail.php; app/Services/PasswordResetCodes.php; resources/js/map.js,tests/Feature/Auth/EmailVerificationTest.php; tests/Feature/Auth/PasswordResetTest.php,,Fresh backend suite/code inspection. Prior same-working-tree browser evidence retained; no new browser run. Fresh mail tests use fake/array transport; prior SMTP acceptance is separate and does not prove inbox arrival.,Verify real mailbox verification/reset round trips and service failures; Gmail SMTP acceptance alone is not inbox proof.,C:\Users\Neil\Downloads\Revised_RequirementsDocument.docx,373783799e0839ac40e5ea7ecab27854e04dc749ba615bbeefe40e4a306c0921
NFR-17,Integrity,Derived from FR-49 and NFR-08,The system must access a user’s device location only with the user’s permission.,Implemented; needs verification,Browser geolocation API is called on user action and uses the browser's permission mechanism. No device location was collected or permission prompt accepted during this audit.,resources/js/map.js,,,Code inspection; no dedicated complete runtime check.,Verify grant/deny/error behavior on real supported browsers; code uses permission-governed browser geolocation on user action.,C:\Users\Neil\Downloads\Revised_RequirementsDocument.docx,373783799e0839ac40e5ea7ecab27854e04dc749ba615bbeefe40e4a306c0921
NFR-18,Efficiency,Derived from FR-48 to FR-52,"The map view must display listing pins, and update them when the renter changes the location, distance radius, keyword, or category, within an acceptable response time under normal load.",Unverified,"Browser keyword filtering changed pins successfully; timings below sample server-side map renders/updates. No agreed SLA, production load, or full permission/location/radius browser timing exists.",app/Livewire/Listings/Map.php; resources/js/map.js,,,"Code inspection; no dedicated complete runtime check. Prior same-working-tree browser evidence retained; no new browser run. Prior 1,000-listing sequential SQLite sample; not a deployment/load certification.","Define map response-time/load targets and measure browser, tiles/network, and server updates in the deployed environment.",C:\Users\Neil\Downloads\Revised_RequirementsDocument.docx,373783799e0839ac40e5ea7ecab27854e04dc749ba615bbeefe40e4a306c0921
NFR-19,Correctness,Derived from FR-49 to FR-51 and FR-53,Distances shown to renters and the nearest-first ordering of listings must be accurately based on the renter’s location and the item’s location.,Does not match,Geo's ordinary distances and Manila ordering pass; zero-latitude probe includes an out-of-radius item and returns null distances.,app/Support/Geo.php; app/Livewire/Listings/Map.php; resources/js/map.js,tests/Unit/GeoTest.php; docs/audit/RequirementsAuditTest.php,test_nfr19_zero_latitude_still_filters_by_distance (failed); test_fr51_manila_location_sorts_markers_nearest_first (passed),Fresh backend suite/code inspection. Fresh targeted acceptance probe(s).,"Fix zero-coordinate checks in server and UI, then verify boundary/radius/ordering cases.",C:\Users\Neil\Downloads\Revised_RequirementsDocument.docx,373783799e0839ac40e5ea7ecab27854e04dc749ba615bbeefe40e4a306c0921
NFR-20,Reliability,Derived from FR-49 to FR-51,"The system must still allow renters to search and browse items when their location is unavailable or has not been shared, without applying distance-based filtering or sorting.",Matches tested behavior,Extra probe retains listings and null distances when no location is supplied even if radius has a value; browser browsing works without sharing location.,app/Livewire/Listings/Map.php; app/Livewire/Listings/Browse.php,docs/audit/RequirementsAuditTest.php,test_nfr20_no_location_ignores_radius_and_allows_browsing (passed),Fresh backend suite/code inspection. Fresh targeted acceptance probe(s).,No mismatch reproduced when location is missing; exercise browser permission denial as well.,C:\Users\Neil\Downloads\Revised_RequirementsDocument.docx,373783799e0839ac40e5ea7ecab27854e04dc749ba615bbeefe40e4a306c0921
